"file","place","location","pattern","sentence","verdict","notes","correct"
"blog/best-bakeries-tampa-bay.md","Cake Therapy","Gandy Boulevard","on_road","Cake Therapy on Gandy Boulevard and The Cake Lady in Carrollwood both specialize in custom designs that taste as good as they look.","DOES_NOT_EXIST","Cake Therapy is in San Francisco, not Tampa. No evidence of any Tampa location on Gandy Boulevard.",""
"blog/best-coolers-florida-beach.md","Eleven","Gulf Boulevard","on_road","The Yeti ICE 4lb costs $30 but lasts significantly longer than bagged ice from the 7-Eleven on Gulf Boulevard.","VERIFIED","Multiple 7-Eleven stores on Gulf Boulevard in Tampa Bay area (St Pete Beach, Madeira Beach).",""
"blog/best-dermatologists-tampa-bay.md","His Westchase","Linebaugh Avenue","on_road","His Westchase location on Linebaugh Avenue stays booked months out — a testament to his reputation.","DOES_NOT_EXIST","No business named 'His Westchase' found in search results. Multiple barber shops exist in Westchase area but none with this name.",""
"blog/best-dermatologists-tampa-bay.md","Her Brandon","Bloomingdale Avenue","on_road","Her Brandon location on Bloomingdale Avenue offers evening hours — rare in dermatology.","DOES_NOT_EXIST","No business called 'Her' found on Bloomingdale Avenue in Brandon. Only Brandon Dermatology exists there.",""
"blog/best-dog-parks-tampa-bay.md","Riverview","Boyette Road","off_road","Parking: Large lot, easy access.

### Riverview Dog Park (Boyette Park) ★★★
Location: Riverview, off Boyette Road
Type: Fenced, separated areas
Size: Medium
The deal: A solid option for south Hillsborough residents.","DOES_NOT_EXIST","No public dog park exists at this location. Boyette Springs Park has no fenced dog park; was only proposed.",""
"blog/best-emergency-kits-florida.md","Whether","Land","tucked_on","Whether you're in downtown Tampa dealing with storm surge zones or tucked away in Land O' Lakes, having the right emergency supplies isn't just smart — it's essential for protecting your family and property.


## Why Florida Homes Need Specialized Emergency Kits

Florida's unique geography creates challenges you won't face in most other states.","SKIP","Whether is not a business name - it's just a word starting a sentence fragment.",""
"blog/best-gas-stations-tampa-bay.md","Brandon","Causeway Boulevard","on_road","The Costco in Brandon on Causeway Boulevard consistently shows some of the lowest prices I've seen — often $3.15 when others are pushing $3.35.","VERIFIED","Costco at 10921 Causeway Blvd, Brandon, FL confirmed open and operational.",""
"blog/best-gas-stations-tampa-bay.md","The RaceTrac","Fowler Avenue","on_road","The RaceTrac on Fowler Avenue near USF stays busy but moves fast.","VERIFIED","RaceTrac at 2120 E Fowler Ave near USF, open 24/7",""
"blog/best-gas-stations-tampa-bay.md","The Shell","Westshore Boulevard","on_road","The Shell on Westshore Boulevard near the airport is my go-to when I'm rushing to pick up out-of-town clients.","VERIFIED","Shell at 1002 N Westshore Blvd near Tampa airport is open and operating.",""
"blog/best-gas-stations-tampa-bay.md","The Mobil","Bayshore Boulevard","on_road","The Mobil on Bayshore Boulevard charges premium prices but offers premium location and cleanliness.

## Gas Station Geography: Where to Fill Up by Area

### South Tampa and Hyde Park

Your best bets here are the Wawa on Kennedy or the Shell stations if you're in a hurry.","DOES_NOT_EXIST","No Mobil station found on Bayshore Blvd. Only Bayshore Quick Mart at 5435 Bayshore Blvd listed; Mobil stations at other Tampa locations.",""
"blog/best-gas-stations-tampa-bay.md","Costco","State Road","on_road","The Costco in Brandon is worth the drive if you're already heading that direction and need to fill up a larger vehicle.

### Westchase and Town 'n Country

Hit the Costco on State Road 84 for the best prices.","WRONG_ADDRESS","No State Road 84 in Tampa area. Costco near Westchase/Town 'n Country is open.","8712 W Linebaugh Ave, Tampa, FL 33625"
"blog/best-gas-stations-tampa-bay.md","The Costco","Causeway Boulevard","on_road","The Costco on Causeway Boulevard and the BJ's on Providence Road both offer excellent pricing.","VERIFIED","Costco is at 10921 Causeway Boulevard in Brandon, Tampa Bay area, currently open.",""
"blog/best-gas-stations-tampa-bay.md","BJ's","Providence Road","on_road","The Costco on Causeway Boulevard and the BJ's on Providence Road both offer excellent pricing.","DOES_NOT_EXIST","No BJ's Wholesale Club on Providence Road. Tampa area has BJ's at Commerce Palms Blvd and W Waters Ave.",""
"blog/best-gated-communities-tampa-bay.md","Hillsborough County","Linebaugh Avenue","off_road","Waterchase sits in the Westchase area of northwest Hillsborough County, just off Linebaugh Avenue south of the Veterans Expressway.

- Gate: Manned guard gate with 24/7 staffing.","VERIFIED","Waterchase is gated community in Westchase area, northwest Hillsborough County, near Linebaugh Avenue and Veterans Expressway, with 24-hour manned guard gate.",""
"blog/best-gated-communities-tampa-bay.md","Arbor Greene","Gunn Highway","off_road","Arbor Greene is a gated community in northwest Tampa, off Gunn Highway near the Citrus Park area.

- Gate: Guard-gated main entrance.","WRONG_ADDRESS","Arbor Greene is in New Tampa (northeast), not northwest Tampa near Citrus Park. Guard-gated confirmed.","New Tampa, off Cross Creek Boulevard"
"blog/best-gyms-fitness-tampa-bay.md","The Brandon","Causeway Boulevard","off_road","The Brandon location off Causeway Boulevard and the Westshore location are among the busiest
- Best for: People who want a full-service gym without premium pricing

Planet Fitness
- Locations: 25+ across Tampa Bay
- Monthly cost: $10/month (Classic) or $24.99/month (Black Card — adds tanning, massage chairs, guest privileges)
- What you get: Machines, cardio equipment, limited free weights (no squ","WRONG_ADDRESS","Planet Fitness in Brandon is at 911 Lithia Pinecrest Rd, not Causeway Boulevard.","911 Lithia Pinecrest Rd, Brandon, FL 33511"
"blog/best-hiking-trails-tampa-bay.md","Hillsborough River","Fletcher Avenue","off_road","Lettuce Lake Park is Tampa's best urban nature escape — a 240-acre park on the Hillsborough River just off Fletcher Avenue near USF.","SKIP","Hillsborough River is a natural waterway, not a business. The claim is about the river's location at Lettuce Lake Park.",""
"blog/best-hiking-trails-tampa-bay.md","Channel Park","Montague Street","off_road","The main trailhead at Channel Park (off Montague Street) has restrooms.","WRONG_ADDRESS","Channel Park exists on Upper Tampa Bay Trail but is off Waters Avenue/Waters Drive, not Montague Street.","9201 W. Waters Avenue"
"blog/best-mechanic-tampa-bay.md","Website","Overpass Road","on_road","Address: 2823 Overpass Road, Unit A, Tampa, FL 33619

Phone: (813) 443-5751

Website: autorxoftampa.com

Hours: Monday through Friday 8:00am to 5:30pm | Saturday 8:00am to 2:00pm

The shop sits on Overpass Road just off I-75.","VERIFIED","Auto Rx of Tampa confirmed at 2823 Overpass Rd, Unit A, Tampa FL 33619. Hours and phone match.",""
"blog/best-mechanic-tampa-bay.md","Website","Overpass Road","sits_on","Address: 2823 Overpass Road, Unit A, Tampa, FL 33619

Phone: (813) 443-5751

Website: autorxoftampa.com

Hours: Monday through Friday 8:00am to 5:30pm | Saturday 8:00am to 2:00pm

The shop sits on Overpass Road just off I-75.","VERIFIED","Auto Rx of Tampa confirmed at 2823 Overpass Road, Tampa FL 33619. Phone and website match. Business open and operating.",""
"blog/best-neighborhoods-dog-owners-tampa-bay.md","FishHawk Dog Park","FishHawk Boulevard","on_road","What makes it stand out for dogs:
- The Alafia River runs through the area, giving you access to nature trails that feel like you're in the middle of nowhere
- Sidewalks and trails connect virtually every neighborhood section
- Multiple pocket parks and green spaces
- FishHawk Dog Park on FishHawk Boulevard — fully fenced with separate areas for large and small dogs

The catch: FishHawk has an HOA","WRONG_ADDRESS","Dog park exists at Starling Club, not on FishHawk Blvd. Located at Starling Crossing Drive near Starling Club.","Starling Crossing Drive (at Starling Club)"
"blog/best-neighborhoods-dog-owners-tampa-bay.md","The Westchase Dog Park","Countryway Boulevard","on_road","The Westchase Dog Park on Countryway Boulevard is large, well-maintained, and has separate areas for big and small dogs with water stations and shade structures.","DOES_NOT_EXIST","No public dog park named 'Westchase Dog Park' on Countryway Boulevard found. Discovery Village senior facility has private dog park there.",""
"blog/best-neighborhoods-dog-owners-tampa-bay.md","Dunedin Dog Park","Michigan Boulevard","on_road","Key dog amenities:
- Dunedin Dog Park on Michigan Boulevard — fenced, separate areas, shaded
- Pinellas Trail runs right through downtown — paved multi-use trail perfect for long walks or jogs with your dog
- Honeymoon Island State Park — dogs are allowed on Pet Beach (south end of the island, $8 vehicle entry fee)
- Multiple waterfront parks where leashed dogs are welcome

Housing in Dunedin rang","WRONG_ADDRESS","Dog park exists in Dunedin, but at 1659 Achieva Way, not Michigan Boulevard","1659 Achieva Way, Dunedin, FL 34698"
"blog/best-neighborhoods-no-hoa-tampa-bay.md","Independent","Florida Avenue","on_road","Fully updated homes in Old Seminole Heights push toward $600K+.
- Vibe: Independent coffee shops on Florida Avenue, craft breweries, the weekly Saturday morning market at Seminole Heights Garden Center.","VERIFIED","The Independent is at 5016 N Florida Ave in Seminole Heights, open since 2009.",""
"blog/best-neighborhoods-tampa-bay-families.md","FishHawk Boulevard","Lithia Pinecrest Road","off_road","The community sits along FishHawk Boulevard off Lithia Pinecrest Road, and everything about it was designed around families.

- Schools: Barrington Middle and Newsome High are consistently A-rated.","VERIFIED","FishHawk Blvd intersects with Lithia Pinecrest Road in Lithia, FL area.",""
"blog/best-paddleboards-tampa-bay.md","I've","Bayshore Boulevard","off_road","I've tested dozens of boards in everything from the choppy waters off Bayshore Boulevard to the glass-calm mornings at Weedon Island.","SKIP","I've is not a business name.",""
"blog/best-storage-units-tampa-bay.md","U-Haul Storage Pinellas Park
Budget","7801 Park Boulevard","at_address","U-Haul Storage Pinellas Park
Budget option at 7801 Park Boulevard that serves the St.","WRONG_ADDRESS","U-Haul Moving & Storage of Pinellas Park is at 4015 Park Blvd, not 7801.","4015 Park Boulevard, Pinellas Park, FL 33781"
"blog/best-storage-units-tampa-bay.md","Eastern Hillsborough

AAA Storage Plant City","2902 James","at_address","Good security, clean facilities, and reasonable customer service.

### Plant City/Eastern Hillsborough

AAA Storage Plant City
Local operation at 2902 James L Redman Parkway that serves the Plant City corridor well.","DOES_NOT_EXIST","No AAA Storage found at 2902 James L Redman Parkway. AAA Storage has FL locations but none in Plant City.",""
"blog/best-wings-tampa-bay.md","Their Westchase","11007 Countryway Blvd","at_address","Their Westchase location at 11007 Countryway Blvd has been my go-to since 2003, mainly because they understand that ""medium"" should actually have some heat.","DOES_NOT_EXIST","No business named 'Their Westchase' found at 11007 Countryway Blvd or anywhere in the area.",""
"blog/best-wings-tampa-bay.md","Petersburg","2017 Central Ave","at_address","Petersburg)

Located at 2017 Central Ave, Jazzy's does something magical with their smoker.","WRONG_ADDRESS","Jazzy's BBQ is in Tampa at 5703 W Waters Ave, not St. Petersburg at 2017 Central Ave.","5703 W Waters Ave, Tampa, FL"
"blog/best-wings-tampa-bay.md","Petersburg","2017 Central Ave","located_at","Petersburg)

Located at 2017 Central Ave, Jazzy's does something magical with their smoker.","WRONG_ADDRESS","Jazzy's BBQ is in Tampa at 5703 W Waters Ave, not St. Petersburg at 2017 Central Ave.","5703 W Waters Ave, Tampa, FL"
"blog/best-wings-tampa-bay.md","Multiple Locations","3716 Henderson Blvd","at_address","Dunedin's small-town vibe makes this feel like a discovery rather than a tourist trap.

### Ciccio Cali (Multiple Locations)

The South Tampa location at 3716 Henderson Blvd serves wings with an Italian twist.","WRONG_ADDRESS","Cali South Tampa is at 217 S Dale Mabry Hwy, not 3716 Henderson Blvd.","217 S Dale Mabry Hwy, Tampa, FL 33609"
"blog/best-wings-tampa-bay.md","The Brandon","11110 Causeway Blvd","at_address","The mild sauce is actually flavorful (not just ranch), and the hot sauce has legitimate heat without sacrificing flavor.


## Value Champions

### Miller's Ale House (Multiple Locations)

The Brandon location at 11110 Causeway Blvd offers consistent quality and unbeatable happy hour prices.","WRONG_ADDRESS","Miller's Ale House Brandon exists and is open, but at different address.","1817 W Brandon Blvd, Brandon, FL 33511"
"blog/best-wings-tampa-bay.md","The Westchase","11525 Countryway Blvd","at_address","Perfect for business dinners or impressing out-of-town visitors who think Tampa only does chain restaurants.


## Game Day Headquarters

### Hattrick's Tavern (Multiple Locations)

The Westchase location at 11525 Countryway Blvd transforms into Lightning/Bucs central during games.","DOES_NOT_EXIST","Hattrick's Tavern only at 107 S Franklin St downtown Tampa. No Westchase location at 11525 Countryway Blvd exists.",""
"blog/busch-gardens-tampa-locals-guide.md","Take","Busch Boulevard","on_road","Smart Local Moves:
- Pack snacks and drinks (allowed in soft-sided bags)
- Eat a substantial breakfast before arriving
- Take advantage of the hand stamp for lunch runs to nearby restaurants on Busch Boulevard
- The Zambia Smokehouse has the best food-to-price ratio inside the park


## Comparing to Orlando Parks

Universal Studios Orlando sits about 75 minutes from central Tampa, Disney World abo","SKIP","Not a business name - text fragment from 'Take advantage of hand stamp' sentence",""
"blog/dali-museum-tampa-bay-culture.md","Chihuly Collection

Right","400 Beach Drive NE","at_address","Their changing exhibitions often feature major traveling shows that don't make it to other Florida cities.

### Chihuly Collection

Right next to the MFA at 400 Beach Drive NE, the Chihuly Collection showcases the glass artist's stunning works in a purpose-built space.","WRONG_ADDRESS","Moved from 400 Beach Drive NE to 720 Central Ave in October 2020. Still open.","720 Central Ave, St. Petersburg, FL 33701"
"blog/dali-museum-tampa-bay-culture.md","Green Bench Brewing","1133 Baum Avenue","at_address","Green Bench Brewing at 1133 Baum Avenue N serves excellent craft beer and elevated pub food.","VERIFIED","Green Bench Brewing confirmed at 1133 Baum Ave N, St. Petersburg. Open with current hours.",""
"blog/dali-museum-tampa-bay-culture.md","Tampa Bay History Center

Located","801 Old Water Street","at_address","It's free and often showcases emerging artists before they hit the major galleries.

### Tampa Bay History Center

Located at 801 Old Water Street in Tampa, this isn't just history — their temporary exhibitions often focus on cultural topics.","WRONG_ADDRESS","Address is 801 Water Street, not 801 Old Water Street.","801 Water Street, Tampa, FL 33602"
"blog/dali-museum-tampa-bay-culture.md","Tampa Bay History Center","801 Old Water Street","located_at","It's free and often showcases emerging artists before they hit the major galleries.

### Tampa Bay History Center

Located at 801 Old Water Street in Tampa, this isn't just history — their temporary exhibitions often focus on cultural topics.","WRONG_ADDRESS","Address is 801 Water Street, not Old Water Street","801 Water Street, Tampa, FL 33602"
"blog/digital-nomad-tampa-bay.md","Caffeine Roasters","Armenia Avenue","on_road","Caffeine Roasters on Armenia Avenue offers industrial vibes, strong coffee, and surprisingly good acoustics for video calls.","VERIFIED","At Kennedy Blvd and Armenia Ave, open and operating.",""
"blog/ev-charging-tampa-bay.md","Wawa","Fowler Avenue","on_road","Twelve Supercharger locations serve Tampa Bay, with the newest sites at:

- Brandon Town Center — 12 stalls, rarely full
- Wawa on Fowler Avenue — 8 stalls, convenient to USF
- St.","WRONG_ADDRESS","Wawa exists on Fowler (2901 E Fowler) but Supercharger at different Wawa: 2502 N 50th St (I-4/50th).","2502 N 50th St, Tampa, FL 33619"
"blog/find-dentist-tampa-bay.md","Bay Street Dental Group","South Howard Avenue","on_road","If you have MetLife or Humana, you'll have fewer options but still plenty of quality choices.

## Top-Rated Dental Practices by Area

### Tampa (Hyde Park, Westshore, Downtown)

Bay Street Dental Group on South Howard Avenue has been my family's go-to for eight years.","DOES_NOT_EXIST","No dental practice named Bay Street Dental Group found in Tampa or on South Howard Avenue.",""
"blog/find-dentist-tampa-bay.md","Pete","Central Avenue","on_road","Pete on Central Avenue has three locations and accepts virtually every insurance plan.","UNKNOWN","Pete's Place is Tampa recovery home, centrally located but not specifically on Central Avenue. Three locations/insurance claim unclear.",""
"blog/find-dentist-tampa-bay.md","Valrico

Brandon Dental Center","Bloomingdale Avenue","on_road","Good sign for how they'll treat you.

### Brandon/Valrico

Brandon Dental Center on Bloomingdale Avenue handles high volume without feeling rushed.","DOES_NOT_EXIST","No business named Brandon Dental Center found on Bloomingdale Ave. Multiple other dental practices exist there.",""
"blog/first-30-days-new-florida-home.md","Hillsborough County DMV","Falkenburg Road","on_road","Don't wait until day 29 — the Hillsborough County DMV on Falkenburg Road can have 2-hour waits even with appointments.","VERIFIED","DMV at 3030 N Falkenburg Rd (Brandon area) confirmed open, appointments available.",""
"blog/florida-flip-flop-culture.md","I've","Bayshore Boulevard","on_road","After 23+ years here, I've watched transplants fumble through their first Florida footwear decisions like tourists trying to parallel park on Bayshore Boulevard during Gasparilla.","SKIP","I've is not a business name; it's a pronoun.",""
"blog/florida-flip-flop-culture.md","Just","Westshore Boulevard","on_road","Just ask anyone working the towers on Westshore Boulevard.

### The Danger Zone: Closed-Toe Everything Else

Wearing traditional dress shoes with socks in July isn't just uncomfortable — it's a rookie move that screams ""I just moved here from Ohio."" The humidity will turn your feet into personal swamps, and everyone will know you haven't figured out Florida yet.


## Navigating Tampa Bay's Dress C","SKIP","Place name is 'Just' - not a valid business name, just an article/word in a sentence.",""
"blog/florida-medicaid-insurance-guide.md","Tampa's","Howard Avenue","on_road","Moving to Florida means navigating a new healthcare landscape — and frankly, it's more confusing than Tampa's downtown street grid after a few drinks on Howard Avenue.","SKIP","Not a specific business name—refers generically to bars/drinking on Howard Avenue.",""
"blog/florida-notary-guide.md","The Brandon Town Center","Westshore Boulevard","on_road","The Brandon Town Center branch and the one on Westshore Boulevard are usually well-staffed.","WRONG_ADDRESS","Brandon Town Center located at 459 Brandon Town Center Dr, Brandon FL, not on Westshore Boulevard.","459 Brandon Town Center Dr, Brandon, FL 33511"
"blog/florida-road-rage-humor.md","Reserved","Gandy Boulevard","on_road","Reserved for special occasions like: cutting off a lifted truck on Gandy Boulevard, taking someone's parking spot at Hyde Park Village during Art to Art, or heaven forbid — not waving when someone lets you merge.","SKIP","Not a business claim; satirical content about Tampa driving behavior",""
"blog/florida-road-rage-humor.md","Target","Brandon Boulevard","off_road","You'll recognize this sound in the Target parking lot off Brandon Boulevard.

## The Turn Signal Controversy

Let's address the elephant in the room: turn signals in Florida are apparently optional equipment.","WRONG_ADDRESS","Target exists in Brandon but at 187 Brandon Town Center Drive, not Brandon Boulevard.","187 Brandon Town Center Drive, Brandon, FL 33511"
"blog/florida-state-fair-guide.md","The Florida State Fair","4800 US Highway","at_address","The Florida State Fair draws 500,000+ people annually to the fairgrounds at 4800 US Highway 301 North.","WRONG_ADDRESS","Address incomplete. Full address is 4800 US Highway 301 North, Tampa, FL 33610.","4800 US Highway 301 North, Tampa, FL 33610"
"blog/free-things-tampa-bay.md","Safety Harbor
Hillsborough County's","2525 Philippe Parkway","at_address","Bird watchers love this spot — expect to see ospreys, herons, and if you're lucky, manatees in the shallow waters.

### Philippe Park, Safety Harbor
Hillsborough County's hidden beach gem sits at 2525 Philippe Parkway.","WRONG_ADDRESS","Philippe Park is in Pinellas County, not Hillsborough County. Address is correct.","Pinellas County"
"blog/free-things-tampa-bay.md","Upper Tampa Bay Regional Park
This","8001 Double Branch Road","at_address","During cooler months, you'll see everything from power walkers to yoga classes happening on the grass areas.


### Upper Tampa Bay Regional Park
This 2,144-acre park at 8001 Double Branch Road offers 15+ miles of hiking trails through pine flatwoods, oak hammocks, and wetlands.","VERIFIED","Park exists at 8001 Double Branch Road, open. Official name is Upper Tampa Bay Conservation Park.",""
"blog/free-things-tampa-bay.md","New Tampa
Located","14302 Morris Bridge Road","at_address","It's where Tampa Bay locals go when they want nature without the tourist buses.

### Flatwoods Park, Tampa/New Tampa
Located at 14302 Morris Bridge Road, this 5,000-acre park offers paved trails perfect for biking, walking, or jogging.","VERIFIED","Official county site confirms Flatwoods Park at 14302 Morris Bridge Road, open, paved trails, nature park.",""
"blog/free-things-tampa-bay.md","New Tampa","14302 Morris Bridge Road","located_at","It's where Tampa Bay locals go when they want nature without the tourist buses.

### Flatwoods Park, Tampa/New Tampa
Located at 14302 Morris Bridge Road, this 5,000-acre park offers paved trails perfect for biking, walking, or jogging.","VERIFIED","Flatwoods Park confirmed at 14302 Morris Bridge Road, currently open, paved trails for biking/walking.",""
"blog/free-things-tampa-bay.md","Tampa
This","6920 East Fletcher Avenue","at_address","The park stays open sunrise to sunset year-round, and the tree cover provides relief during summer months when other outdoor activities become unbearable.

### Lettuce Lake Park, Tampa
This 240-acre park at 6920 East Fletcher Avenue offers elevated boardwalks through cypress swamps and hardwood hammocks.","VERIFIED","Lettuce Lake Park confirmed at 6920 East Fletcher Avenue, Tampa. Park is open and operational.",""
"blog/gasparilla-guide-tampa-bay.md","East","Brorein Street","on_road","Here's your play-by-play:

### The Official Route

Start: Bay to Bay Boulevard and Bayshore Boulevard
Path: North along Bayshore Boulevard
Turn: East on Brorein Street
Finish: Ashley Drive and Brorein Street

The parade typically begins around 2:00 PM and takes roughly 3-4 hours to complete, depending on crowd size and weather conditions.

### Best Viewing Spots

Hyde Park Area (Bay to Bay to Plan","SKIP","Source describes parade route, not a business. 'East' is a direction, not a place name.",""
"blog/lgbtq-friendly-neighborhoods-tampa-bay.md","You're","Florida Avenue","on_road","You're still walking distance to the action on Florida Avenue, but with more space and often better parking.","SKIP","Place name is 'You're' - not a business name, appears to be text fragment from context.",""
"blog/living-in-brooksville-guide.md","Historic Downtown District

Downtown Brooksville","Main Street","on_road","Many of the older neighborhoods were built around springs — natural focal points that created community centers long before anyone thought about HOAs or amenity packages.

## Neighborhoods: The Good, The Questionable, and The Hidden Gems

### Historic Downtown District

Downtown Brooksville covers roughly six blocks centered on Main Street, and it's undergone a genuine renaissance over the past de","VERIFIED","Historic Downtown Brooksville exists, centered on Main Street. Active district with businesses, organizations.",""
"blog/living-in-clearwater-beach-guide.md","The CVS","Mandalay Avenue","on_road","The CVS on Mandalay Avenue handles basic needs, but for serious shopping, you're crossing water.","WRONG_ADDRESS","CVS is at 467 Mandalay Ave in Clearwater Beach, FL, not Tampa.","467 Mandalay Ave, Clearwater Beach, FL 33767"
"blog/living-in-clearwater-beach-guide.md","Full-service","Gulf Boulevard","on_road","Postal Service: Full-service post office on Gulf Boulevard handles everything except large package pickup.","SKIP","Business name is generic descriptor 'Full-service' not actual business name",""
"blog/living-in-dade-city-guide.md","The Real Dade City Experience

Living","County Road","on_road","But if you want authentic small-town Florida with reasonable home prices and a 45-minute commute to downtown Tampa, keep reading.


## The Real Dade City Experience

Living here means knowing your neighbors' names, waiting behind a tractor on County Road 530, and having genuine debates about whether the Kumquat Festival or Pioneer Days is the better event.","SKIP","Not a specific business - article describing general living experience in Dade City, Florida",""
"blog/living-in-dover-seffner-guide.md","Local Shopping

Dover Plaza","McIntosh Road","on_road","But you'll find solid options and quick access to better shopping in neighboring areas.

### Local Shopping

Dover Plaza on McIntosh Road houses essentials: Publix, CVS, pizza joint, and local services.","DOES_NOT_EXIST","No Dover Plaza found on McIntosh Road. McIntosh Road exists in Dover, FL but no such shopping plaza identified.",""
"blog/living-in-downtown-st-petersburg-guide.md","Street","Central Avenue","on_road","Best for: Art lovers, cultural enthusiasts, people who want walkable nightlife
Watch out for: Street noise on Central Avenue, limited grocery options

### The Warehouse Arts District

Just south of Central Avenue, this area maintains more of its industrial character while embracing the arts scene.","SKIP","Input too generic - 'Street' is not a valid business name",""
"blog/living-in-downtown-st-petersburg-guide.md","The Residences","400 Central","at_address","New construction dominates here, with buildings like The Residences at 400 Central offering resort-style amenities but starting around $500,000 for a one-bedroom.","VERIFIED","Located at 400 Central Ave, downtown St. Petersburg. 46-story luxury condo tower with resort-style amenities.",""
"blog/living-in-downtown-st-petersburg-guide.md","The Standouts

The Mill","Central Avenue","on_road","Pete's restaurant scene has exploded, but like many trendy areas, quality varies wildly behind the Instagram-worthy facades.

### The Standouts

The Mill on Central Avenue serves exceptional New American cuisine without the pretension.","CLOSED","St. Pete location closed in 2023 due to construction damage. Only South Tampa location remains.",""
"blog/living-in-downtown-st-petersburg-guide.md","Many","Central Avenue","on_road","Many of the ""trendy"" spots on Central Avenue prioritize Instagram aesthetics over actual flavor — you'll learn to spot them quickly.

### Grocery and Daily Needs

This is downtown living's biggest weakness.","SKIP","Not a business name - just part of sentence describing trendy spots on Central Avenue",""
"blog/living-in-haines-city-davenport-guide.md","Publix","Cypress Parkway","on_road","The new Publix on Cypress Parkway in ChampionsGate is particularly nice.","WRONG_ADDRESS","Cypress Parkway Publix is in Poinciana/Kissimmee, not ChampionsGate","8301 Champions Gate Blvd, Champions Gate"
"blog/living-in-hyde-park-guide.md","Mediterranean","Bayshore Boulevard","on_road","I sold a 1925 Mediterranean revival on Bayshore Boulevard last year for $1.1 million — 3 bedrooms, 2.5 baths, chef's kitchen, pool, and 80 feet of bay frontage.","SKIP","Not a business - claim describes residential real estate sale of Mediterranean Revival house style",""
"blog/living-in-hyde-park-guide.md","Hyde Park's","Bayshore Boulevard","on_road","The buyers got a house worthy of Architectural Digest and a mortgage payment that made their accountant wince.

### Luxury Market ($1.5 Million+)

Hyde Park's top tier includes waterfront estates on Bayshore Boulevard and completely rebuilt modern homes disguised as historic architecture.","VERIFIED","Hyde Park neighborhood includes Bayshore Boulevard with waterfront estates, as stated in source.",""
"blog/living-in-hyde-park-guide.md","Hyde Park Veterinary Clinic","Swann Avenue","on_road","Hyde Park Veterinary Clinic on Swann Avenue has served the neighborhood for decades.

## Transportation Infrastructure

### Road Network

Hyde Park's street grid dates to the 1920s, creating charm and challenges.","VERIFIED","Located at 1111 W Swann Ave, Tampa. Founded 2002, currently operating.",""
"blog/living-in-lakeland-guide.md","Walmart Supercenter","South Florida Avenue","on_road","Walmart Supercenter on South Florida Avenue.","WRONG_ADDRESS","Walmart Supercenter on S Florida Ave exists but is in Lakeland, not Tampa Bay proper.","3501 S Florida Ave, Lakeland, FL 33803"
"blog/living-in-lakewood-ranch-guide.md","Upscale American","Main Street","on_road","For world-class museums, theater, and concerts, you'll head to Sarasota or Tampa.

## Dining and Shopping (The Good and The Gaps)

### Restaurant Scene

Lakewood Ranch dining has improved dramatically over the past five years:

Sage: Upscale American cuisine on Main Street, excellent for special occasions.","DOES_NOT_EXIST","No restaurant named Sage found on Main Street Lakewood Ranch in comprehensive searches of area dining.",""
"blog/living-in-new-port-richey-vs-port-richey-guide.md","Walmart Supercenter","Little Road","on_road","New Port Richey's hospital advantage can literally be life-saving.

## Shopping and Conveniences

### New Port Richey Shopping

Major Retailers:
- Walmart Supercenter on Little Road
- Multiple Publix locations
- CVS, Walgreens throughout the city
- Various strip malls and plazas

Dining Variety: 60+ restaurants ranging from chain favorites to local gems.","WRONG_ADDRESS","Walmart on Little Road is a Neighborhood Market, not a Supercenter. Supercenter is at 8745 State Road 54.","8745 State Road 54, New Port Richey, FL 34655"
"blog/living-in-nokomis-osprey-guide.md","Osprey","Tamiami Trail","on_road","Let me walk you through what life is really like here — the good, the expensive, and the occasional frustrating reality of living in paradise.


## The Real Nokomis / Osprey Story

Nokomis and Osprey function as one community split by an invisible line on Tamiami Trail.","VERIFIED","Osprey is a real community on Tamiami Trail (US-41) in Sarasota County, Florida.",""
"blog/living-in-nokomis-osprey-guide.md","Popular","Bay Road","off_road","Popular areas include sections off Bay Road and South Creek.","SKIP","Input appears to be a description of popular areas, not a specific business name.",""
"blog/living-in-palm-harbor-guide.md","Walmart Neighborhood Market","Tampa Road","on_road","Pro tip: Shop at the Walmart Neighborhood Market on Tampa Road for basics, but hit up Fresh Market for the good stuff when you're entertaining.

## Schools: Why Families Choose Palm Harbor

### Top-Rated Public Schools

Palm Harbor University High School consistently ranks among Florida's best public high schools.","WRONG_ADDRESS","Real store, open, but at 3400 E Lake Rd, not Tampa Road","3400 E Lake Rd, Palm Harbor, FL 34685"
"blog/living-in-palm-harbor-guide.md","Mama's Real Italian","Tampa Road","on_road","Mama's Real Italian on Tampa Road offers authentic family recipes in a strip mall setting.","DOES_NOT_EXIST","No business named 'Mama's Real Italian' found on Tampa Road or elsewhere in Tampa Bay area.",""
"blog/living-in-palma-ceia-guide.md","Buddy Brew Coffee","South Howard Avenue","on_road","Done right, these renovations often increase property values by more than their cost, making them solid investments.

## Daily Life in Palma Ceia

Living here means your morning coffee run might take you to Buddy Brew Coffee on South Howard Avenue, just a few minutes' drive away.","WRONG_ADDRESS","Buddy Brew exists in Hyde Park but at 1605 W Snow Ave, not South Howard Avenue.","1605 W Snow Ave, Tampa, FL 33606"
"blog/living-in-seminole-heights-guide.md","The Publix","Florida Avenue","on_road","The Publix on Florida Avenue covers basics but tends toward higher prices.","VERIFIED","Multiple Publix locations exist on North Florida Avenue in Tampa Bay area.",""
"blog/living-in-seminole-heights-guide.md","The Fresh Market","Nebraska Avenue","on_road","The Fresh Market on Nebraska Avenue offers better selection at similar prices.","WRONG_ADDRESS","The Fresh Market exists in Tampa but not on Nebraska Avenue. Two locations: Henderson Blvd and N Dale Mabry Hwy.","Henderson Boulevard or N Dale Mabry Highway"
"blog/living-in-seminole-heights-guide.md","Walmart","Fowler Avenue","on_road","For budget shopping, the Walmart on Fowler Avenue is about 10 minutes away.","WRONG_ADDRESS","Walmart is at 2701 E Fletcher Ave, not on Fowler Ave. Fowler Ave is nearby.","2701 E Fletcher Ave"
"blog/living-in-soho-south-howard-guide.md","Publix","Swann Avenue","on_road","Specialty Stores: Local boutiques and gift shops cater to the affluent demographics, though prices reflect the neighborhood.

### What Requires a Drive

Groceries: The nearest full-size Publix is on Swann Avenue (driveable, not walkable).","VERIFIED","Publix pharmacy at 2605 W Swann Ave STE 600, Tampa FL confirmed. Address is on Swann Avenue.",""
"blog/living-in-soho-south-howard-guide.md","Publix","Swann Avenue","on_road","The nearest full-size grocery store (Publix on Swann Avenue) requires a short drive or bike ride — it's not comfortably walkable.","VERIFIED","Publix location exists at 2605 W Swann Ave Suite 600, Tampa FL 33609 per search results.",""
"blog/living-in-tarpon-springs-guide.md","Hellas Restaurant","Dodecanese Boulevard","on_road","This is one of the few places in Florida where you can grab authentic Greek food at Hellas Restaurant on Dodecanese Boulevard, then drive ten minutes to find yourself in a suburban neighborhood that looks like anywhere else in America.","VERIFIED","Hellas Restaurant confirmed at 785 Dodecanese Boulevard, Tarpon Springs. Currently open.",""
"blog/living-in-trinity-guide.md","During","State Road","on_road","During rush hour, you're looking at 45-60 minutes minimum, and that's assuming no accidents on I-275 or major backups on State Road 54.","SKIP","Not a business name - 'During' is part of phrase 'During rush hour' describing traffic conditions",""
"blog/living-in-venice-guide.md","Traffic","Venice Avenue","on_road","Traffic on Venice Avenue crawls.","SKIP","Traffic is not a business name but traffic conditions reference",""
"blog/living-in-westshore-guide.md","Buddy Brew Coffee","Westshore Boulevard","on_road","Weekday mornings buzz with energy as office workers grab coffee at Buddy Brew Coffee on Westshore Boulevard or hit the hotel gyms before meetings.","DOES_NOT_EXIST","Buddy Brew has 8 Tampa Bay locations: Kennedy, USF, Hyde Park, Bay to Bay, Armature Works, Park Tower, Sarasota, TIA. None on Westshore Boulevard.",""
"blog/living-in-westshore-guide.md","Publix","Kennedy Boulevard","on_road","The plaza's dining and entertainment options include:
- Blue Martini for cocktails and live music
- CineBistro for dinner and movies
- Peabody Hotel rooftop bar with city views

For groceries and daily needs, you're looking at Publix locations on Kennedy Boulevard or Dale Mabry, requiring a short drive from most Westshore residential areas.

### Nightlife Scene

Westshore nightlife caters primaril","VERIFIED","Publix at 4900 W Kennedy Blvd, Tampa is open and operating.",""
"blog/living-in-winter-haven-guide.md","Cypress Gardens Boulevard Corridor

Don't","Cypress Gardens Boulevard","off_road","They maintain the common areas, boat ramps, and that's how your property values stayed stable even during the 2008 downturn.


### Cypress Gardens Boulevard Corridor

Don't let the commercial strip fool you — the neighborhoods just off Cypress Gardens Boulevard offer some of Winter Haven's best value.","SKIP","Not a business - Cypress Gardens Blvd is a commercial street/corridor in Winter Haven, FL.",""
"blog/living-in-winter-haven-guide.md","Lake Region Estates","Cypress Gardens Boulevard","off_road","Focus on established neighborhoods like Lake Region Estates, areas near downtown, and newer developments off Cypress Gardens Boulevard.","WRONG_ADDRESS","Lake Region Estate is in Winter Haven, not Tampa Bay. Cypress Gardens Blvd is in Winter Haven.","Winter Haven, FL"
"blog/living-tampa-bay-75k-salary.md","Vietnamese","Hillsborough Avenue","on_road","You can eat well without breaking the bank:

Lunch spots under $15: Mel's Hot Dogs, Columbia Cafe, any of the excellent Vietnamese places on Hillsborough Avenue.","VERIFIED","Multiple Vietnamese restaurants confirmed on Hillsborough Avenue in Tampa, including Pho Quyen at 8404 W Hillsborough Avenue.",""
"blog/most-walkable-neighborhoods-tampa-bay.md","Bern's Steak House","Howard Avenue","on_road","South of Swann Avenue near the Village scores highest.
- What's walkable: Hyde Park Village has restaurants (Bern's Steak House is blocks away on Howard Avenue), boutique shopping, a Publix, a movie theater, and coffee shops.","VERIFIED","Bern's Steak House confirmed at 1208 S Howard Ave, Tampa, currently operating.",""
"blog/move-car-to-florida.md","The Brandon","Causeway Boulevard","on_road","The Brandon location on Causeway Boulevard or the New Port Richey office typically have shorter waits.","UNKNOWN","Unable to identify what business 'The Brandon' refers to with available search results.",""
"blog/move-home-business-florida.md","Suburban","200 Mbps","at_address","Suburban areas might top out at 200 Mbps cable.","SKIP","Not a business or location - describes internet speed capability in suburban areas",""
"blog/moving-from-cleveland.md","Hyde Park's","South Howard Avenue","on_road","Try: Hyde Park or Seminole Heights

Cleveland Heights' walkable, artsy vibe translates perfectly to Hyde Park's tree-lined streets and boutique shopping on South Howard Avenue.","VERIFIED","Hyde Park is a Tampa neighborhood with boutique shopping and tree-lined streets on South Howard Avenue (SoHo).",""
"blog/moving-from-milwaukee.md","Buddy Brew","South Howard Avenue","on_road","Hyde Park gives you tree-lined streets, local coffee shops like Buddy Brew, and walkable access to restaurants on South Howard Avenue.","WRONG_ADDRESS","Buddy Brew in Hyde Park at 1605 W Snow Ave, not on S Howard Ave","1605 W Snow Ave, Tampa, FL 33606"
"blog/publix-sub-guide-best-orders.md","Publix","Nebraska Avenue","on_road","Their produce is consistently fresh, and they stock a wider variety of specialty cheeses than many locations.

### Publix on Nebraska Avenue (1725 W Hillsborough Ave, Tampa)

This might be the most authentic Pub Sub experience in Tampa Bay.","WRONG_ADDRESS","Publix on Nebraska Ave is at 6001 N Nebraska Ave, not 1725 W Hillsborough Ave.","6001 N Nebraska Ave, Tampa, FL 33604"
"blog/riverview-vs-lithia.md","Curley Winery","McMullen Loop Road","on_road","You'll discover Keel & Curley Winery, tucked away on McMullen Loop Road.","WRONG_ADDRESS","Keel & Curley Winery exists and is open in Tampa Bay area but not on McMullen Loop Road.","5202 Thonotosassa Road, Plant City, FL 33565"
"blog/riverview-vs-lithia.md","Curley Winery","McMullen Loop Road","tucked_on","You'll discover Keel & Curley Winery, tucked away on McMullen Loop Road.","WRONG_ADDRESS","Keel & Curley Winery exists and is open in Tampa Bay area but located at different address.","5202 Thonotosassa Road, Plant City, FL 33565"
"blog/seminole-vs-largo.md","Publix","Park Boulevard","on_road","For groceries, Seminole residents typically shop at the Publix on Park Boulevard or the Winn-Dixie on Seminole Boulevard.","VERIFIED","Publix at 11175 Park Blvd in Seminole, FL confirmed open.",""
"blog/seminole-vs-largo.md","Winn-Dixie","Seminole Boulevard","on_road","For groceries, Seminole residents typically shop at the Publix on Park Boulevard or the Winn-Dixie on Seminole Boulevard.","CLOSED","Winn-Dixie at 11912 Seminole Blvd closed Feb 2019. Site now planned for apartments.",""
"blog/suburban-vs-urban-tampa-bay.md","Cookie-cutter","Race Track Road","on_road","Cookie-cutter feel and intense traffic on Race Track Road.","SKIP","Cookie-cutter describes housing/development style, not a business name. Source refers to generic development feel.",""
"blog/tampa-bay-art-scene-guide.md","Beach Drive","255 Beach Drive NE","at_address","Petersburg

Just down Beach Drive at 255 Beach Drive NE, the MFA is Tampa Bay's cultural anchor.","VERIFIED","Museum of Fine Arts at 255 Beach Drive NE, St. Petersburg, confirmed open and operational.",""
"blog/tampa-bay-art-scene-guide.md","Curtis Hixon Park","120 West Gasparilla Plaza","at_address","Grab lunch at nearby The Birchwood's rooftop bar — the views of Tampa Bay are worth the $16 fish tacos.


### Tampa Museum of Art — Downtown Tampa

Tampa's cultural district got a massive upgrade when TAMA moved to its Curtis Hixon Park location at 120 West Gasparilla Plaza in 2010.","WRONG_ADDRESS","Curtis Hixon Park is at 600 N Ashley Dr, not 120 W Gasparilla Plaza. That address is Tampa Museum of Art.","600 N Ashley Dr, Tampa, FL 33602"
"blog/tampa-bay-art-scene-guide.md","South Florida

Often","4202 East Fowler Avenue","at_address","Try the Mediterranean quinoa bowl ($14) — it's become a regular order for my clients exploring downtown Tampa real estate.

### Contemporary Art Museum — University of South Florida

Often overlooked because of its campus location, CAM at 4202 East Fowler Avenue showcases cutting-edge contemporary work that you won't find elsewhere in Tampa Bay.","DOES_NOT_EXIST","No restaurant named South Florida Often found at 4202 E Fowler. Address is USF campus/Contemporary Art Museum.",""
"blog/tampa-bay-art-scene-guide.md","Hot Shop","1600 Florida Avenue","at_address","Morean Glass Studio & Hot Shop at 1600 Florida Avenue offers public glass-blowing classes ($175 for a 3-hour session).","WRONG_ADDRESS","Morean Glass Studio & Hot Shop is real and open but located at different address.","714 1st Ave N, St. Petersburg, FL 33701"
"blog/tampa-bay-bicycle-guide.md","Protected","Ashley Drive","on_road","Strong areas:
- Downtown/Channel District: Protected bike lanes on Ashley Drive and several downtown streets.","DOES_NOT_EXIST","No protected bike lanes on Ashley Drive itself. Jackson St has protected lanes from Ashley to Nebraska.",""
"blog/tampa-bay-bicycle-guide.md","Bike","Bayshore Boulevard","on_road","The Riverwalk provides car-free cycling through the urban core.
- Hyde Park/SoHo: Bike lanes on Bayshore Boulevard (though unprotected) and growing connectivity to downtown
- University area: USF's bike-friendly campus connects to surrounding neighborhoods via dedicated lanes

Challenging areas:
- Westshore: Major business district with minimal bike infrastructure.","SKIP","Not a business name - generic reference to bike lanes/infrastructure on Bayshore Boulevard",""
"blog/tampa-bay-craft-beer-guide.md","Pete's Neighborhood Gem

Located","1133 Baum Avenue North","at_address","Pete's Neighborhood Gem

Located at 1133 Baum Avenue North, Green Bench occupies a converted church in St.","DOES_NOT_EXIST","No business called Pete's Neighborhood Gem exists. 1133 Baum Avenue North is Green Bench Brewing Company in St. Petersburg.",""
"blog/tampa-bay-craft-beer-guide.md","Pete's Neighborhood Gem","1133 Baum Avenue North","located_at","Pete's Neighborhood Gem

Located at 1133 Baum Avenue North, Green Bench occupies a converted church in St.","DOES_NOT_EXIST","No business called Pete's Neighborhood Gem at this address. Green Bench Brewing is at 1133 Baum Avenue N.",""
"blog/tampa-bay-craft-beer-guide.md","Cycle Brewing","Central Avenue","on_road","Pete's downtown brewery scene spans from 3 Daughters near the waterfront to Cycle Brewing on Central Avenue.","CLOSED","Closed May 2025 after 12 years at 534 Central Avenue.",""
"blog/tampa-bay-craft-beer-guide.md","Cycle Brewing","534 Central Avenue","at_address","Cycle Brewing at 534 Central Avenue specializes in Belgian-style ales and has one of the most knowledgeable staffs in the region.","CLOSED","Closed May 2025 after 12 years. Was at 534 Central Avenue.",""
"blog/tampa-bay-food-scene-guide.md","Dunedin","Main Street","on_road","Saturday morning in Dunedin — farmers market, brewery taproom, lunch on Main Street — is one of the best routines in Tampa Bay.","VERIFIED","Main Street is the downtown hub of Dunedin, FL in Tampa Bay with restaurants, breweries, shops, and farmers market.",""
"blog/tampa-bay-food-truck-guide.md","Street","Ashley Drive","on_road","Street parking on Ashley Drive fills up by 11:30 AM on Fridays.","SKIP","Input is not a business - just a street name with parking observation.",""
"blog/tampa-bay-gym-fitness-guide.md","LA Fitness","Kings Avenue","on_road","LA Fitness on Kings Avenue provides a solid mid-tier option.","DOES_NOT_EXIST","No LA Fitness found on Kings Avenue in Tampa Bay area.",""
"blog/tampa-bay-gym-fitness-guide.md","Aquatic Center","405 Beverly Blvd","at_address","Brandon Sports & Aquatic Center at 405 Beverly Blvd combines public recreation facility amenities with reasonable membership rates.","VERIFIED","Brandon Sports & Aquatic Center confirmed at 405 Beverly Blvd, Brandon FL 33511. Operational.",""
"blog/tampa-bay-halloween-guide.md","Look","Cross Creek Boulevard","off_road","Best streets: Look for the cul-de-sacs off Cross Creek Boulevard and the streets around Pebble Creek Elementary.

### FishHawk Ranch

If you want Halloween suburbia perfection, FishHawk Ranch delivers.","SKIP","Not a business name - context shows this refers to streets to look for Halloween trick-or-treating",""
"blog/tampa-bay-holiday-events.md","Parking","Ashley Drive","on_road","Parking fills up fast — use the paid lots on Ashley Drive or take the streetcar from Ybor City.

### Tampa Theatre's Holiday Movie Magic

This 1926 atmospheric theater transforms into something special during December.","VERIFIED","Paid parking lots exist on Ashley Drive for Tampa Theatre including William F. Poe Garage at 800 N. Ashley Drive.",""
"blog/tampa-bay-holiday-events.md","Sand Key Park","1060 Gulf Boulevard","at_address","Sand Key Park is at 1060 Gulf Boulevard in Clearwater, with ample free parking.

### Indian Rocks Beach Holiday Parade

Small-town charm at its finest.","WRONG_ADDRESS","Parking is not free - costs $5-6 per day. Address is correct.","Parking fee applies"
"blog/tampa-bay-homes-under-400k.md","Traffic","Bloomingdale Avenue","on_road","What You'll Find:  
- 4-bedroom homes with 2-car garages
- Community pools and playgrounds
- Chain restaurants and shopping within 5 minutes
- Easy access to I-75 for commuting

The Catch: Traffic on Bloomingdale Avenue during rush hour is brutal.","SKIP","Traffic is a condition, not a business/place name.",""
"blog/tampa-bay-homes-under-400k.md","Neighborhoods","Lithia Pinecrest Road","off_road","Sweet Spots:  
- East of Parsons Avenue, south of Highway 60
- Neighborhoods off Lithia Pinecrest Road
- Areas near Alafia River State Park

You'll find established neighborhoods with mature oak trees, reasonable HOA fees (under $200/month), and a genuine sense of community.","SKIP","Not a business - generic reference to residential neighborhoods along Lithia Pinecrest Road",""
"blog/tampa-bay-kayaking-paddleboarding-guide.md","Sergeant Park","Morris Bridge Road","off_road","Entry fee: $6/vehicle
- Sergeant Park (off Morris Bridge Road) — Free launch, good parking
- Lettuce Lake Park — Launch into the calmer lower river section. $2/vehicle entry
- Rowlett Park (Seminole Heights) — Free launch for urban river paddling

Current and conditions: The Hillsborough River has a mild downstream current that increases after heavy rain.","WRONG_ADDRESS","Sargeant Park is real and has kayak launch, but located on US Highway 301, not Morris Bridge Road.","12702 US Highway 301 N, Thonotosassa"
"blog/tampa-bay-outdoor-dining-guide.md","Petersburg

This Italian","Beach Drive","on_road","Petersburg

This Italian spot on Beach Drive has sidewalk seating that's perfect for people-watching.","VERIFIED","BellaBrava Italian restaurant at 204 Beach Drive NE, St. Petersburg, currently open with outdoor patio seating.",""
"blog/tampa-bay-pet-friendly-guide.md","Al Lopez Park Dog Area","Himes Avenue","off_road","Located in northwest Hillsborough County.

### Al Lopez Park Dog Area (Tampa)

Located off Himes Avenue in Tampa.","VERIFIED","Al Lopez Park Dog Area is at 4810 N Himes Ave, Tampa, currently open.",""
"blog/tampa-bay-pet-friendly-guide.md","Tampa Veterinary Hospital","Himes Avenue","on_road","They're the dominant emergency/specialty network in the area
- SEAVS (Southeast Veterinary Emergency and Specialty) in Largo is highly regarded
- Tampa Veterinary Hospital on Himes Avenue offers 24/7 emergency care

Area clusters with high vet density:
- South Tampa along Dale Mabry Highway and Gandy Boulevard
- Brandon/Valrico along SR 60 (Brandon Boulevard)
- St.","WRONG_ADDRESS","Tampa Veterinary Hospital is real and open, but located at 103 N Howard Avenue, not Himes Avenue.","103 N Howard Avenue, Tampa, FL 33606"
"blog/tampa-bay-private-schools-guide.md","Traffic","Bayshore Boulevard","on_road","Traffic on Bayshore Boulevard during drop-off is brutal.","SKIP","Traffic is not a business; it's a road condition on Bayshore Boulevard.",""
"blog/tampa-bay-thrift-stores.md","Same","3902 Henderson Blvd","at_address","Same goes for the one at 3902 Henderson Blvd in South Tampa — you'll find designer clothes mixed in with the usual suspects.","DOES_NOT_EXIST","No thrift/consignment store named 'Same' exists at this address or in Tampa area.",""
"blog/tampa-bay-thrift-stores.md","Coastal Charm Thrifting

SPCA Thrift Store","1823 Main St","at_address","Stop at Keel & Curley Winery afterward at 5210 W Thonotosassa Rd for a tasting — their Blanc du Bois pairs surprisingly well with the satisfaction of scoring a great deal.

### Safety Harbor: Coastal Charm Thrifting

SPCA Thrift Store at 1823 Main St in Safety Harbor doubles as animal rescue fundraising.","DOES_NOT_EXIST","No SPCA thrift store found at 1823 Main St Safety Harbor. SPCA Tampa Bay is in Largo.",""
"blog/tampa-bay-thrift-stores.md","Ozona Blue Grilling Co","144 Main St","at_address","Walk down to Ozona Blue Grilling Co at 144 Main St afterward for their grouper sandwich — best in North Pinellas, and that's saying something.


## Specialty Hunting — When You Need Something Specific

### Furniture and Home Goods

Habitat for Humanity ReStore locations are pure gold for home furnishings.","WRONG_ADDRESS","Ozona Blue is real and open but located at 125 Orange St, Palm Harbor, not 144 Main St.","125 Orange St, Palm Harbor, FL"
"blog/tampa-bay-thrift-stores.md","The ReStore","12485 Automobile Blvd","at_address","The ReStore at 12485 Automobile Blvd in Clearwater gets a lot of construction overstock — tile, fixtures, even appliances still in boxes.

### Vintage and Retro

Flashback Diner at 2509 Central Ave in St.","WRONG_ADDRESS","Habitat ReStore exists in Clearwater but at 13355 49th St N, not 12485 Automobile Blvd","13355 49th St N, Suite B, Clearwater, FL 33762"
"blog/tampa-bay-thrift-stores.md","Retro

Flashback Diner","2509 Central Ave","at_address","The ReStore at 12485 Automobile Blvd in Clearwater gets a lot of construction overstock — tile, fixtures, even appliances still in boxes.

### Vintage and Retro

Flashback Diner at 2509 Central Ave in St.","DOES_NOT_EXIST","Flashback Diner only in South Florida (Hallandale, Davie, Boca Raton). No Tampa Bay location.",""
"blog/tampa-bay-thrift-stores.md","Media

Haslam's Book Store","2025 Central Ave","at_address","Real vintage band t-shirts, not reprints.

### Books and Media

Haslam's Book Store at 2025 Central Ave in St.","CLOSED","Closed March 2020 for COVID, never reopened. Mural painted over October 2025.",""
"blog/tampa-bay-thrift-stores.md","Book Warehouse","7235 US","at_address","Book Warehouse at 7235 US-19 N in Pinellas Park has a thrift section that locals sleep on.","DOES_NOT_EXIST","No 'Book Warehouse' at 7235 US-19. Book Rescuers warehouse is at 10410 66th St N, not on US-19.",""
"blog/tampa-bay-thrift-stores.md","Fred's Market Restaurant","3802 State Road","at_address","Fred's Market Restaurant at 3802 State Road 39 N in Plant City serves breakfast all day — perfect fuel for serious thrifting.


## The Economics of Smart Thrifting

Here's something I tell all my relocation clients: furnishing a 2,000-square-foot house from thrift and consignment stores typically costs $800-1,500 versus $8,000-15,000 retail.","WRONG_ADDRESS","Fred's Market Restaurant is in Plant City but at 1401 W Dr Martin Luther King Blvd, not 3802 State Road.","1401 W Dr Martin Luther King Blvd, Plant City, FL 33563"
"blog/tampa-bay-volunteer-charity-guide.md","Feeding Tampa Bay","Causeway Boulevard","on_road","Feeding Tampa Bay operates out of a massive 100,000 square foot facility on Causeway Boulevard in Tampa, plus satellite locations in Pinellas, Pasco, and Hernando counties.","VERIFIED","Located at 3624 Causeway Boulevard, Tampa. New 215,000 sq ft facility opened May 2024.",""
"blog/tampa-bay-vs-jacksonville.md","Cuban","Columbus Drive","on_road","The food scene is legitimately world-class — from Bern's Steak House to hole-in-the-wall Cuban joints on Columbus Drive.","VERIFIED","Multiple Cuban restaurants on Columbus Drive Tampa including La Teresita, Havana 86, Arco-Iris Cafe, Brocato's",""
"blog/tampa-bay-waterpark-pool-guide.md","Busch Gardens","McKinley Drive","on_road","Located right next to Busch Gardens on McKinley Drive, this 30-acre oasis delivers everything from heart-stopping slides to toddler splash zones.","VERIFIED","Busch Gardens is located at 10165 N McKinley Dr, Tampa.",""
"blog/tampa-international-airport-guide.md","Head","Hillsborough Avenue","on_road","The route is straightforward — no confusing airport approach roads that seem designed to make you miss your flight.

### From Westchase/Town 'N Country (12 miles)
Head east on Hillsborough Avenue to the Veterans Expressway (SR-589) north, then follow signs to TPA.","SKIP","Input is a verb from directions, not a business name.",""
"blog/tampa-international-airport-guide.md","Cell Phone Waiting Lot","Spruce Street","on_road","This is my go-to recommendation for trips longer than 3-4 days.

### Cell Phone Waiting Lot (Free)
Located on Spruce Street, this free lot lets you wait for arriving passengers without circling the terminal.","WRONG_ADDRESS","Cell phone lot exists and is free but located on Economy Parking Road, not Spruce Street.","Economy Parking Road / George J Bean Pkwy"
"blog/temple-terrace-vs-carrollwood.md","Expect","Fowler Avenue","on_road","Expect congestion on Fowler Avenue during class changes and football game days.","SKIP","Not a business name; source uses 'Expect' as verb about traffic conditions.",""
"blog/transfer-prescriptions-florida.md","That CVS","Kennedy Boulevard","on_road","That CVS on Kennedy Boulevard might seem convenient until you discover their parking situation during Tampa rush hour.","VERIFIED","Multiple CVS locations on Kennedy Boulevard in Tampa; at least one at 1120 E Kennedy Blvd currently open.",""
"blog/update-accounts-after-moving-florida.md","The Tampa DMV","Hillsborough Avenue","on_road","The Tampa DMV on Hillsborough Avenue is notorious for 3-hour waits without one.","VERIFIED","Multiple DMV locations on Hillsborough Ave in Tampa: 2814 E Hillsborough and 5701 E Hillsborough, both active.",""
"blog/where-to-live-work-downtown-tampa.md","The Armature Works","1910 North Ola Avenue","at_address","The Armature Works development at 1910 North Ola Avenue turned an old trolley barn into a food hall and event space.

- Commute: 5-10 minutes to downtown.","VERIFIED","Address confirmed at 1910 N Ola Ave, Tampa. Open, converted trolley warehouse to food hall.",""
"blog/working-remotely-from-tampa-bay.md","Most Spectrum","300 Mbps","at_address","Most Spectrum plans in Tampa Bay start at 300 Mbps, which is plenty.

### Can I write off my home office on Florida taxes?","SKIP","Not a business. Spectrum is an ISP, 300 Mbps is internet speed specification, not a physical location.",""
"blog/zephyrhills-vs-dade-city.md","Walmart Supercenter","Gall Boulevard","on_road","You've got your essential shopping covered:
- Walmart Supercenter on Gall Boulevard
- Publix locations throughout the city
- Fast food and chain restaurants along US 301
- New developments bringing in Wawa, Chipotle, and other national brands

For entertainment, there's SkyDive City (yes, people actually jump out of planes here), several golf courses, and Zephyr Park with its aquatic center that's","VERIFIED","Walmart Supercenter at 7631 Gall Blvd, Zephyrhills (Tampa Bay area), currently open.",""
"cities/balm.md","Properties","Balm Road","off_road","Properties along and off Balm Road range from modest homesteads on a couple of acres to larger agricultural parcels.","SKIP","Place name 'Properties' is generic/garbage input describing real estate types rather than a specific business.",""
"cities/bloomingdale.md","Traffic","Bloomingdale Avenue","on_road","Traffic on Bloomingdale Avenue.","DOES_NOT_EXIST","No business named Traffic found on Bloomingdale Avenue in Tampa Bay area.",""
"cities/bradenton.md","Italian","Old Main Street","on_road","Get there early or wait
- Oak & Stone — Craft beer, wood-fired pizza, solid every time
- Ortygia — Italian on Old Main Street.","WRONG_ADDRESS","Ortygia is Italian in Bradenton, not on Old Main Street. Located in Village of the Arts.","1418 13th St W, Bradenton, FL 34205"
"cities/brandon.md","Davis Beach","Courtney Campbell Causeway","off_road","Davis Beach off the Courtney Campbell Causeway is the closest option at about 30 minutes, though it's not the prettiest stretch of sand.

---

Ready to find your home in Brandon? {{nowtb}}","VERIFIED","Ben T. Davis Beach (also called Davis Beach) is located on Courtney Campbell Causeway at 7740 W Courtney Campbell Causeway, Tampa.",""
"cities/citrus-park.md","Established","Gunn Highway","off_road","Who it's not for: Anyone craving walkability, urban energy, waterfront living, or a distinct neighborhood personality.

## Neighborhoods

Citrus Park has a mix of established subdivisions and pockets that range from modest to upper-middle-class.

- Fawn Ridge — Established community off Gunn Highway.","VERIFIED","Fawn Ridge is an established community in Citrus Park area, accessible off Gunn Highway",""
"cities/dunedin.md","Dunedin","Main Street","on_road","The Pinellas Trail runs right through the heart of Dunedin, and people actually use it — not just for weekend recreation, but as genuine transportation to the breweries and restaurants on Main Street.","VERIFIED","Trail runs through downtown Dunedin at Main Street. Used for commuting to restaurants/breweries.",""
"cities/egypt-lake-leto.md","Technically","Columbus Drive","on_road","Cash-friendly, big portions.
- La Teresita — Technically just outside the border on Columbus Drive, but every local claims it.","VERIFIED","La Teresita at 3248 W Columbus Dr, Tampa. Open and operating since 1972.",""
"cities/egypt-lake-leto.md","Solid","Hillsborough Ave","on_road","Get the Cuban sandwich and a cafecito.
- King of the Coop — Solid fried chicken nearby on Hillsborough Ave.
- Multiple bakeries and panaderias along Hillsborough Ave — explore and find your favorite.","SKIP","'Solid' is adjective describing fried chicken quality, not a restaurant name.",""
"cities/kenneth-city.md","Publix","Park Boulevard","on_road","Kenneth City itself doesn't have a grocery store, but you're 5 minutes from a Publix on Park Boulevard, a Walmart Supercenter in Pinellas Park, and an Aldi on 49th Street.","VERIFIED","Publix at 4701 Park Blvd in Pinellas Park confirmed, near Kenneth City",""
"cities/lake-wales.md","Spook Hill","North Avenue","on_road","A National Historic Landmark and the crown jewel of Lake Wales.
- Spook Hill — A gravity hill on North Avenue where cars appear to roll uphill.","WRONG_ADDRESS","Spook Hill is in Lake Wales, not Tampa Bay area. Located on North Wales Drive, not North Avenue.","North Wales Drive, Lake Wales, FL"
"cities/lutz.md","New Tampa","Bearss Avenue","on_road","One of the best airport commutes in the region.
- USF / New Tampa: 15-20 minutes east on Bearss Avenue or Bruce B.","VERIFIED","New Tampa is real area traversed by Bearss Avenue, near USF and Bruce B Downs Blvd.",""
"cities/oldsmar.md","Pinellas County","Courtney Campbell Causeway","off_road","A small city of about 15,000 people in northeast Pinellas County, it sits right off the Courtney Campbell Causeway, which means you're 15-20 minutes from downtown Tampa.","WRONG_ADDRESS","Safety Harbor is the city described, but it's north of the causeway, not directly off it.","Safety Harbor is north of Courtney Campbell Causeway in northeast Pinellas County"
"cities/oldsmar.md","Walmart","Tampa Road","on_road","Publix and Walmart are both on Tampa Road.","VERIFIED","Walmart Supercenter located at 3801 Tampa Rd in Oldsmar (Tampa Bay area)",""
"cities/oldsmar.md","Thai","Tampa Road","on_road","Reliable, good portions.
- Thai Bistro — Surprisingly good Thai food tucked in a strip mall on Tampa Road.","WRONG_ADDRESS","Thai Bistro exists but at 2602 E Fletcher Ave, not Tampa Road. Yelp shows it as closed.","2602 E Fletcher Ave, Tampa"
"cities/oldsmar.md","Italian","Tampa Road","on_road","For closer Italian, check what's on Tampa Road.","SKIP","Input is too vague - 'Italian' is not a specific business name",""
"cities/pinellas-park.md","Nobody","Park Boulevard","on_road","Nobody is opening a craft cocktail bar on Park Boulevard anytime soon.","SKIP","Business name 'Nobody' is not a real business name but part of sentence structure.",""
"cities/pinellas-park.md","Gulf","Park Boulevard","on_road","Pete: 15 minutes south on US-19 or 49th Street
- To the Gulf beaches: 15 minutes west on Park Boulevard
- To Tampa International Airport: 25-30 minutes

The two major roads you need to know are Park Boulevard (runs east-west through the middle of town) and US-19 (runs north-south on the west side).","SKIP","Gulf is not a business name; source describes directions to Gulf beaches via Park Boulevard.",""
"cities/pinellas-park.md","Vietnamese","Park Blvd","on_road","Great for biking and running, and it's one of the best trail systems in Florida.

## Local Favorites

Restaurants and Food

- Tan Tan — Vietnamese restaurant on Park Blvd.","DOES_NOT_EXIST","No Tan Tan Vietnamese restaurant found on Park Blvd in Tampa Bay area. Found Tan Tan in Houston TX only.",""
"cities/riverview.md","Traffic","Boyette Road","on_road","Traffic on Boyette Road during school hours and rush hour is a known pain point.","SKIP","Not a business - just a road location",""
"cities/riverview.md","The Riverview","Big Bend Road","on_road","The Riverview location on Big Bend Road is a go-to for families and sports watching.
- Chains dominate: Chili's, Applebee's, Outback, Olive Garden — they're all here along the US-301 and Big Bend corridors.","DOES_NOT_EXIST","No restaurant named 'The Riverview' exists. Source describes Riverview area, not specific restaurant.",""
"cities/safety-harbor.md","Dining","Main Street","on_road","Dining on Main Street is reasonable but not cheap.","DOES_NOT_EXIST","No restaurant named 'Dining' found on Main Street in Tampa Bay area.",""
"cities/safety-harbor.md","Clearwater","McMullen Booth Road","on_road","During rush hour, add 10-15 minutes.
- Clearwater: 10-15 minutes south on McMullen Booth Road or SR-590.
- St.","SKIP","Source describes travel directions, not a specific business location.",""
"cities/safety-harbor.md","Farm-to-table","Main Street","on_road","Smart move when you're dealing with a tight downtown lot where a traditional moving truck might be tricky to maneuver.

## Local Favorites

Restaurants and Coffee:
- Southern Fresh — Farm-to-table brunch and lunch on Main Street.","WRONG_ADDRESS","Southern Fresh is real and open but in Safety Harbor, not generic Main Street.","122 3rd Ave N, Safety Harbor, FL 34695"
"cities/safety-harbor.md","Crooked Thumb Brewery","Main Street","off_road","Weeknight go-to for locals.
- Crooked Thumb Brewery — Local craft brewery just off Main Street.","VERIFIED","Located at 555 10th Ave S, Safety Harbor. Two blocks from Main Street per their website.",""
"cities/seminole.md","Pete","Seminole Blvd","on_road","Pete: 10-15 minutes south on Seminole Blvd or 113th Street.","UNKNOWN","Input too vague. Multiple Pete establishments exist in Tampa Bay area including different types of businesses.",""
"cities/seminole.md","Caribbean-inspired","Park Blvd","on_road","When you're ready to get settled, {{pods}} can help coordinate your move-in timing so you're not stuck unloading a truck in August heat.

## Local Favorites

Restaurants and food:
- Rumba Island Bar & Grill — Caribbean-inspired spot on Park Blvd.","WRONG_ADDRESS","Real Caribbean restaurant, St Pete location is at 6445 4th St N, not Park Blvd.","6445 4th St N, St. Petersburg, FL 33702"
"cities/tarpon-springs.md","Twice","Dodecanese Blvd","on_road","It's genuinely moving regardless of your faith.
- Arts and Crafts Festival — Twice yearly on Dodecanese Blvd.
- Sponge Docks are always active — Even on a random Tuesday, you can watch sponge divers, browse shops, and grab baklava.

## Setting Up Your New Home

Once you've closed on your Tarpon Springs home, here's the practical stuff:

Home services: If you need anything from pressure washing to ","SKIP","Place is a frequency descriptor (twice yearly), not a business name.",""
"cities/town-n-country.md","Taco Bus","Hillsborough Avenue","on_road","The international food scene here is genuinely outstanding.

- Taco Bus — The original Taco Bus on Hillsborough Avenue is a Tampa institution.","CLOSED","Yelp shows 913 E Hillsborough location marked CLOSED as of April 2026. 7218 E Hillsborough also closed.",""
"cities/town-n-country.md","La Teresita","Columbus Drive","on_road","Cash-friendly.
- La Teresita — A Tampa Bay institution on Columbus Drive (technically just outside TnC but close enough).","VERIFIED","La Teresita Restaurant at 3248 W Columbus Dr, Tampa, open since 1972",""
"cities/town-n-country.md","Filipino","Hillsborough Avenue","on_road","A mandatory experience.
- Jollibee — Filipino fast food chain on Hillsborough Avenue.","WRONG_ADDRESS","Jollibee in Tampa Bay area is at 4057 Park Blvd N, Pinellas Park, not Hillsborough Avenue.","4057 Park Blvd N, Pinellas Park, FL"
"cities/town-n-country.md","Chinese","Waters Avenue","on_road","Cuban pastries, fresh empanadas, and ingredients you won't find at Publix.
- Yummy House — Chinese dim sum on Waters Avenue that attracts people from across the entire Tampa Bay region.","CLOSED","Waters Ave location permanently closed. Voluntarily dissolved 2018. Hillsborough location still open.","2620 E Hillsborough Ave, Tampa, FL 33610"
"cities/treasure-island.md","You'll","Gulf Boulevard","on_road","You'll see people walking their dogs on the beach at sunrise, not tour buses lined up on Gulf Boulevard.","SKIP","Input is not a business name - 'You'll' is a pronoun used in a sentence about Gulf Boulevard.",""
"cities/treasure-island.md","To Clearwater Beach","Gulf Boulevard

Gulf Boulevard","on_road","Pete: 20-25 minutes via the Causeway to Central Avenue or I-275
- To downtown Tampa: 35-40 minutes via I-275 (add 15-20 minutes in rush hour)
- To Tampa International Airport: 35-40 minutes
- To Clearwater Beach: 25-30 minutes north on Gulf Boulevard

Gulf Boulevard is the main road on the island.","VERIFIED","Gulf Boulevard is the main road running through Clearwater Beach and Sand Key area.",""
"cities/university-park.md","American","University Parkway","on_road","Five minutes from the front gate.
- Station 400 — American gastropub on University Parkway.","WRONG_ADDRESS","Station 400 is located on N Lemon Ave in Sarasota and Lakewood Ranch Main St, not University Parkway.","400 N. Lemon Ave., Sarasota, FL"
"cities/university-park.md","Trader Joe's","University Parkway","on_road","Major retailers, dining, and entertainment.
- Whole Foods / Trader Joe's — Both accessible on University Parkway near UTC.

## Setting Up Your New Home

Home services: University Park homes range from newer villas to larger estate homes that may need attention. {{bbs}} can handle move-in tasks — mounting TVs, adjusting doors, pressure washing, assembling furniture, and those small fixes that pile ","WRONG_ADDRESS","Sarasota location near UTC, not Tampa. Opened Oct 2023 at 8111 Cooper Creek Blvd.","8111 Cooper Creek Blvd, Sarasota (near UTC)"
"counties/manatee.md","Manatee County Tax Collector's","Haben Boulevard","on_road","Visit a Manatee County Tax Collector's office — the main location is on Haben Boulevard in Palmetto, and there's another in Bradenton.","CLOSED","North River Branch closed September 2024. Current branches: East Manatee (Bradenton) and West Manatee (Bradenton).",""
"pillar/retirees-tampa-bay.md","Ringling Museum","Main Street","on_road","Walk to the Ringling Museum, catch a show, dine on Main Street.","WRONG_ADDRESS","Ringling Museum is in Sarasota at 5401 Bay Shore Road, not on Main Street.","5401 Bay Shore Road, Sarasota, FL 34243"
"questions/plant-city-zephyrhills-questions.md","Plant City","Turkey Creek Road","off_road","Several builders are active in and around Plant City, including communities off of Turkey Creek Road and along the 39 corridor.","VERIFIED","Turkey Creek Road is real in Plant City with builder activity and new home communities confirmed.",""
"questions/tampa-bay-food-dining-questions.md","La Teresita","Columbus Drive","on_road","La Teresita on Columbus Drive is a local staple for a more casual experience.","VERIFIED","La Teresita is at 3248 W Columbus Dr, Tampa. Open and operating.",""
"questions/tampa-bay-nightlife-entertainment-questions.md","It's","Seventh Avenue","on_road","It's walkable once you're there, and most of the action is concentrated on Seventh Avenue and the surrounding blocks.","SKIP","Place name is just 'It's' - not a valid business name",""
